Date,ID,Chamber.Channel,Run,Species,Temp.Cat,Start time,Stop Time,Light_Dark,Organism.ID
11/8/2018,Egala_Bart_1_23C,1,,Egala,23,11:25:43,11:33:03,Light,Egala_Bart_1
11/8/2018,Egala_Bart_1_26C,1,,Egala,26,12:07:31,12:17:39,Light,Egala_Bart_1
11/8/2018,Egala_Bart_1_28C,1,,Egala,28,12:43:09,12:53:22,Light,Egala_Bart_1
11/8/2018,Egala_Bart_1_30C,1,,Egala,30,13:19:02,13:29:51,Light,Egala_Bart_1
11/8/2018,Egala_Bart_1_31C,1,,Egala,31,14:29:22,14:40:50,Light,Egala_Bart_1
11/8/2018,Egala_Bart_1_32C,1,,Egala,32,15:00:59,15:11:28,Light,Egala_Bart_1
11/8/2018,Egala_Bart_1_33C,1,,Egala,33,15:30:52,15:41:28,Light,Egala_Bart_1
11/8/2018,Egala_Bart_1_34C,1,,Egala,34,16:12:00,16:23:06,Light,Egala_Bart_1
11/8/2018,Egala_Bart_1_36C,1,,Egala,36,16:59:05,17:09:05,Light,Egala_Bart_1
11/8/2018,Egala_Bart_1_38C,1,,Egala,38,17:50:42,18:02:19,Light,Egala_Bart_1
11/8/2018,Egala_Bart_1_41C,1,,Egala,41,18:39:47,18:50:11,Light,Egala_Bart_1
11/8/2018,Egala_Bart_3_23C,3,,Egala,23,11:25:48,11:33:03,Light,Egala_Bart_3
11/8/2018,Egala_Bart_3_26C,3,,Egala,26,12:07:37,12:17:45,Light,Egala_Bart_3
11/8/2018,Egala_Bart_3_28C,3,,Egala,28,12:37:51,12:49:11,Light,Egala_Bart_3
11/8/2018,Egala_Bart_3_30C,3,,Egala,30,13:17:07,13:27:27,Light,Egala_Bart_3
11/8/2018,Egala_Bart_3_31C,3,,Egala,31,14:29:29,14:41:10,Light,Egala_Bart_3
11/8/2018,Egala_Bart_3_32C,3,,Egala,32,15:01:02,15:11:34,Light,Egala_Bart_3
11/8/2018,Egala_Bart_3_33C,3,,Egala,33,15:30:58,15:41:35,Light,Egala_Bart_3
11/8/2018,Egala_Bart_3_34C,3,,Egala,34,16:12:05,16:23:10,Light,Egala_Bart_3
11/8/2018,Egala_Bart_3_36C,3,,Egala,36,16:59:13,17:09:10,Light,Egala_Bart_3
11/8/2018,Egala_Bart_3_38C,3,,Egala,38,17:45:45,18:02:24,Light,Egala_Bart_3
11/8/2018,Egala_Bart_3_41C,3,,Egala,41,18:39:53,18:50:16,Light,Egala_Bart_3
11/8/2018,Egala_Bart_4_23C,4,,Egala,23,11:25:50,11:33:03,Light,Egala_Bart_4
11/8/2018,Egala_Bart_4_26C,4,,Egala,26,12:07:39,12:17:47,Light,Egala_Bart_4
11/8/2018,Egala_Bart_4_28C,4,,Egala,28,12:37:54,12:49:13,Light,Egala_Bart_4
11/8/2018,Egala_Bart_4_30C,4,,Egala,30,13:17:09,13:27:29,Light,Egala_Bart_4
11/8/2018,Egala_Bart_4_31C,4,,Egala,31,14:29:32,14:40:54,Light,Egala_Bart_4
11/8/2018,Egala_Bart_4_32C,4,,Egala,32,15:01:05,15:11:36,Light,Egala_Bart_4
11/8/2018,Egala_Bart_4_33C,4,,Egala,33,15:31:01,15:41:39,Light,Egala_Bart_4
11/8/2018,Egala_Bart_4_34C,4,,Egala,34,16:12:07,16:23:11,Light,Egala_Bart_4
11/8/2018,Egala_Bart_4_36C,4,,Egala,36,16:59:15,17:09:13,Light,Egala_Bart_4
11/8/2018,Egala_Bart_4_38C,4,,Egala,38,17:45:48,18:02:26,Light,Egala_Bart_4
11/8/2018,Egala_Bart_4_41C,4,,Egala,41,18:39:56,18:50:19,Light,Egala_Bart_4
11/8/2018,Egala_Bart_6_23C,6,,Egala,23,11:25:55,11:33:03,Light,Egala_Bart_6
11/8/2018,Egala_Bart_6_26C,6,,Egala,26,12:07:44,12:17:52,Light,Egala_Bart_6
11/8/2018,Egala_Bart_6_28C,6,,Egala,28,12:38:00,12:49:18,Light,Egala_Bart_6
11/8/2018,Egala_Bart_6_30C,6,,Egala,30,13:17:18,13:27:34,Light,Egala_Bart_6
11/8/2018,Egala_Bart_6_31C,6,,Egala,31,14:29:37,14:40:58,Light,Egala_Bart_6
11/8/2018,Egala_Bart_6_32C,6,,Egala,32,15:01:10,15:11:43,Light,Egala_Bart_6
11/8/2018,Egala_Bart_6_33C,6,,Egala,33,15:31:07,15:41:47,Light,Egala_Bart_6
11/8/2018,Egala_Bart_6_34C,6,,Egala,34,16:12:12,16:23:16,Light,Egala_Bart_6
11/8/2018,Egala_Bart_6_36C,6,,Egala,36,16:59:19,17:09:18,Light,Egala_Bart_6
11/8/2018,Egala_Bart_6_38C,6,,Egala,38,17:45:57,18:02:30,Light,Egala_Bart_6
11/8/2018,Egala_Bart_6_41C,6,,Egala,41,18:40:02,18:50:24,Light,Egala_Bart_6
11/8/2018,Egala_Bart_7_23C,7,,Egala,23,11:25:58,11:33:03,Light,Egala_Bart_7
11/8/2018,Egala_Bart_7_26C,7,,Egala,26,12:07:47,12:17:54,Light,Egala_Bart_7
11/8/2018,Egala_Bart_7_28C,7,,Egala,28,12:38:02,12:49:34,Light,Egala_Bart_7
11/8/2018,Egala_Bart_7_30C,7,,Egala,30,13:17:21,13:27:37,Light,Egala_Bart_7
11/8/2018,Egala_Bart_7_31C,7,,Egala,31,14:29:40,14:41:01,Light,Egala_Bart_7
11/8/2018,Egala_Bart_7_32C,7,,Egala,32,15:01:13,15:11:46,Light,Egala_Bart_7
11/8/2018,Egala_Bart_7_33C,7,,Egala,33,15:31:11,15:41:50,Light,Egala_Bart_7
11/8/2018,Egala_Bart_7_34C,7,,Egala,34,16:12:13,16:23:19,Light,Egala_Bart_7
11/8/2018,Egala_Bart_7_36C,7,,Egala,36,16:59:22,17:09:21,Light,Egala_Bart_7
11/8/2018,Egala_Bart_7_38C,7,,Egala,38,17:46:03,18:02:32,Light,Egala_Bart_7
11/8/2018,Egala_Bart_7_41C,7,,Egala,41,18:40:05,18:50:27,Light,Egala_Bart_7
11/8/2018,Egala_Bart_8_23C,8,,Egala,23,11:26:01,11:33:03,Light,Egala_Bart_8
11/8/2018,Egala_Bart_8_26C,8,,Egala,26,12:07:49,12:17:57,Light,Egala_Bart_8
11/8/2018,Egala_Bart_8_28C,8,,Egala,28,12:38:05,12:49:24,Light,Egala_Bart_8
11/8/2018,Egala_Bart_8_30C,8,,Egala,30,13:17:23,13:27:40,Light,Egala_Bart_8
11/8/2018,Egala_Bart_8_31C,8,,Egala,31,14:29:43,14:41:03,Light,Egala_Bart_8
11/8/2018,Egala_Bart_8_32C,8,,Egala,32,15:01:16,15:11:49,Light,Egala_Bart_8
11/8/2018,Egala_Bart_8_33C,8,,Egala,33,15:31:14,15:41:53,Light,Egala_Bart_8
11/8/2018,Egala_Bart_8_34C,8,,Egala,34,16:12:15,16:23:21,Light,Egala_Bart_8
11/8/2018,Egala_Bart_8_36C,8,,Egala,36,16:59:24,17:09:23,Light,Egala_Bart_8
11/8/2018,Egala_Bart_8_38C,8,,Egala,38,17:46:06,18:02:34,Light,Egala_Bart_8
11/8/2018,Egala_Bart_8_41C,8,,Egala,41,18:40:08,18:50:29,Light,Egala_Bart_8
11/8/2018,Egala_Bart_9_23C,9,,Egala,23,11:26:04,11:33:03,Light,Egala_Bart_9
11/8/2018,Egala_Bart_9_26C,9,,Egala,26,12:07:52,12:18:00,Light,Egala_Bart_9
11/8/2018,Egala_Bart_9_28C,9,,Egala,28,12:38:08,12:49:27,Light,Egala_Bart_9
11/8/2018,Egala_Bart_9_30C,9,,Egala,30,13:17:26,13:27:43,Light,Egala_Bart_9
11/8/2018,Egala_Bart_9_31C,9,,Egala,31,14:29:46,14:41:05,Light,Egala_Bart_9
11/8/2018,Egala_Bart_9_32C,9,,Egala,32,15:01:19,15:11:51,Light,Egala_Bart_9
11/8/2018,Egala_Bart_9_33C,9,,Egala,33,15:31:17,15:41:57,Light,Egala_Bart_9
11/8/2018,Egala_Bart_9_34C,9,,Egala,34,16:12:18,16:23:24,Light,Egala_Bart_9
11/8/2018,Egala_Bart_9_36C,9,,Egala,36,16:59:27,17:09:25,Light,Egala_Bart_9
11/8/2018,Egala_Bart_9_38C,9,,Egala,38,17:46:11,18:02:37,Light,Egala_Bart_9
11/8/2018,Egala_Bart_9_41C,9,,Egala,41,18:40:10,18:50:32,Light,Egala_Bart_9
11/8/2018,Egala_Bart_10_23C,10,,Egala,23,11:26:07,11:33:03,Light,Egala_Bart_10
11/8/2018,Egala_Bart_10_26C,10,,Egala,26,12:07:54,12:19:25,Light,Egala_Bart_10
11/8/2018,Egala_Bart_10_28C,10,,Egala,28,12:38:11,12:49:30,Light,Egala_Bart_10
11/8/2018,Egala_Bart_10_30C,10,,Egala,30,13:17:29,13:27:46,Light,Egala_Bart_10
11/8/2018,Egala_Bart_10_31C,10,,Egala,31,14:29:49,14:41:07,Light,Egala_Bart_10
11/8/2018,Egala_Bart_10_32C,10,,Egala,32,15:01:22,15:11:56,Light,Egala_Bart_10
11/8/2018,Egala_Bart_10_33C,10,,Egala,33,15:31:21,15:42:01,Light,Egala_Bart_10
11/8/2018,Egala_Bart_10_34C,10,,Egala,34,16:12:21,16:23:26,Light,Egala_Bart_10
11/8/2018,Egala_Bart_10_36C,10,,Egala,36,16:59:29,17:09:27,Light,Egala_Bart_10
11/8/2018,Egala_Bart_10_38C,10,,Egala,38,17:46:15,18:02:39,Light,Egala_Bart_10
11/8/2018,Egala_Bart_10_41C,10,,Egala,41,18:40:13,18:50:35,Light,Egala_Bart_10
11/8/2018,EgalaBk_Bart_2_23C,2,,Egala,23,11:25:46,11:33:03,Light,EgalaBk_Bart_2
11/8/2018,EgalaBk_Bart_2_26C,2,,Egala,26,12:12:35,12:17:43,Light,EgalaBk_Bart_2
11/8/2018,EgalaBk_Bart_2_28C,2,,Egala,28,12:40:48,12:53:26,Light,EgalaBk_Bart_2
11/8/2018,EgalaBk_Bart_2_30C,2,,Egala,30,13:17:05,13:27:24,Light,EgalaBk_Bart_2
11/8/2018,EgalaBk_Bart_2_31C,2,,Egala,31,14:29:25,14:40:52,Light,EgalaBk_Bart_2
11/8/2018,EgalaBk_Bart_2_32C,2,,Egala,32,15:01:00,15:11:31,Light,EgalaBk_Bart_2
11/8/2018,EgalaBk_Bart_2_33C,2,,Egala,33,15:30:55,15:41:30,Light,EgalaBk_Bart_2
11/8/2018,EgalaBk_Bart_2_34C,2,,Egala,34,16:12:03,16:23:08,Light,EgalaBk_Bart_2
11/8/2018,EgalaBk_Bart_2_36C,2,,Egala,36,16:59:09,17:09:08,Light,EgalaBk_Bart_2
11/8/2018,EgalaBk_Bart_2_38C,2,,Egala,38,17:45:42,18:02:21,Light,EgalaBk_Bart_2
11/8/2018,EgalaBk_Bart_2_41C,2,,Egala,41,18:39:50,18:50:14,Light,EgalaBk_Bart_2
11/8/2018,EgalaBk_Bart_5_23C,5,,Egala,23,11:25:52,11:33:03,Light,EgalaBk_Bart_5
11/8/2018,EgalaBk_Bart_5_26C,5,,Egala,26,12:07:42,12:17:50,Light,EgalaBk_Bart_5
11/8/2018,EgalaBk_Bart_5_28C,5,,Egala,28,12:37:57,12:49:16,Light,EgalaBk_Bart_5
11/8/2018,EgalaBk_Bart_5_30C,5,,Egala,30,13:17:12,13:29:14,Light,EgalaBk_Bart_5
11/8/2018,EgalaBk_Bart_5_31C,5,,Egala,31,14:29:34,14:40:56,Light,EgalaBk_Bart_5
11/8/2018,EgalaBk_Bart_5_32C,5,,Egala,32,15:01:08,15:11:40,Light,EgalaBk_Bart_5
11/8/2018,EgalaBk_Bart_5_33C,5,,Egala,33,15:31:04,15:41:44,Light,EgalaBk_Bart_5
11/8/2018,EgalaBk_Bart_5_34C,5,,Egala,34,16:12:09,16:23:14,Light,EgalaBk_Bart_5
11/8/2018,EgalaBk_Bart_5_36C,5,,Egala,36,16:59:17,17:09:17,Light,EgalaBk_Bart_5
11/8/2018,EgalaBk_Bart_5_38C,5,,Egala,38,17:45:51,18:02:28,Light,EgalaBk_Bart_5
11/8/2018,EgalaBk_Bart_5_41C,5,,Egala,41,18:39:58,18:50:22,Light,EgalaBk_Bart_5
12/8/2018,Egala_Ibbet_1_23C,1,,Egala,23,9:36:30,9:46:39,Light,Egala_Ibbet_1
12/8/2018,Egala_Ibbet_1_26C,1,,Egala,26,10:17:03,10:25:10,Light,Egala_Ibbet_1
12/8/2018,Egala_Ibbet_1_28C,1,,Egala,28,10:45:32,10:55:31,Light,Egala_Ibbet_1
12/8/2018,Egala_Ibbet_1_30C,1,,Egala,30,11:20:36,11:28:55,Light,Egala_Ibbet_1
12/8/2018,Egala_Ibbet_1_31C,1,,Egala,31,11:40:29,11:48:47,Light,Egala_Ibbet_1
12/8/2018,Egala_Ibbet_1_32C,1,,Egala,32,12:02:12,12:11:31,Light,Egala_Ibbet_1
12/8/2018,Egala_Ibbet_1_33C,1,,Egala,33,12:23:15,12:31:47,Light,Egala_Ibbet_1
12/8/2018,Egala_Ibbet_1_34C,1,,Egala,34,12:46:33,12:55:42,Light,Egala_Ibbet_1
12/8/2018,Egala_Ibbet_1_36C,1,,Egala,36,13:10:53,13:23:13,Light,Egala_Ibbet_1
12/8/2018,Egala_Ibbet_1_38C,1,,Egala,38,13:52:20,14:01:20,Light,Egala_Ibbet_1
12/8/2018,Egala_Ibbet_1_42C,1,,Egala,42,14:28:47,14:37:01,Light,Egala_Ibbet_1
12/8/2018,Egala_Ibbet_2_23C,2,,Egala,23,9:36:33,9:46:41,Light,Egala_Ibbet_2
12/8/2018,Egala_Ibbet_2_26C,2,,Egala,26,10:16:04,10:24:42,Light,Egala_Ibbet_2
12/8/2018,Egala_Ibbet_2_28C,2,,Egala,28,10:45:33,10:55:35,Light,Egala_Ibbet_2
12/8/2018,Egala_Ibbet_2_30C,2,,Egala,30,11:20:39,11:28:58,Light,Egala_Ibbet_2
12/8/2018,Egala_Ibbet_2_31C,2,,Egala,31,11:40:32,11:48:50,Light,Egala_Ibbet_2
12/8/2018,Egala_Ibbet_2_32C,2,,Egala,32,12:02:16,12:11:34,Light,Egala_Ibbet_2
12/8/2018,Egala_Ibbet_2_33C,2,,Egala,33,12:23:23,12:31:50,Light,Egala_Ibbet_2
12/8/2018,Egala_Ibbet_2_34C,2,,Egala,34,12:46:34,12:55:47,Light,Egala_Ibbet_2
12/8/2018,Egala_Ibbet_2_36C,2,,Egala,36,13:10:57,13:23:16,Light,Egala_Ibbet_2
12/8/2018,Egala_Ibbet_2_38C,2,,Egala,38,13:52:22,14:01:22,Light,Egala_Ibbet_2
12/8/2018,Egala_Ibbet_2_42C,2,,Egala,42,14:28:49,14:37:05,Light,Egala_Ibbet_2
12/8/2018,Egala_Ibbet_3_23C,3,,Egala,23,9:47:59,9:58:03,Light,Egala_Ibbet_3
12/8/2018,Egala_Ibbet_3_26C,3,,Egala,26,10:16:06,10:21:06,Light,Egala_Ibbet_3
12/8/2018,Egala_Ibbet_3_28C,3,,Egala,28,10:45:35,10:59:12,Light,Egala_Ibbet_3
12/8/2018,Egala_Ibbet_3_30C,3,,Egala,30,11:20:43,11:29:02,Light,Egala_Ibbet_3
12/8/2018,Egala_Ibbet_3_31C,3,,Egala,31,11:40:36,11:48:52,Light,Egala_Ibbet_3
12/8/2018,Egala_Ibbet_3_32C,3,,Egala,32,12:02:19,12:11:40,Light,Egala_Ibbet_3
12/8/2018,Egala_Ibbet_3_33C,3,,Egala,33,12:23:28,12:31:53,Light,Egala_Ibbet_3
12/8/2018,Egala_Ibbet_3_34C,3,,Egala,34,12:46:37,12:55:49,Light,Egala_Ibbet_3
12/8/2018,Egala_Ibbet_3_36C,3,,Egala,36,13:11:00,13:23:18,Light,Egala_Ibbet_3
12/8/2018,Egala_Ibbet_3_38C,3,,Egala,38,13:52:26,14:01:25,Light,Egala_Ibbet_3
12/8/2018,Egala_Ibbet_3_42C,3,,Egala,42,14:28:53,14:37:11,Light,Egala_Ibbet_3
12/8/2018,Egala_Ibbet_4_23C,4,,Egala,23,9:36:39,9:46:44,Light,Egala_Ibbet_4
12/8/2018,Egala_Ibbet_4_26C,4,,Egala,26,10:16:09,10:24:46,Light,Egala_Ibbet_4
12/8/2018,Egala_Ibbet_4_28C,4,,Egala,28,10:45:38,10:55:38,Light,Egala_Ibbet_4
12/8/2018,Egala_Ibbet_4_30C,4,,Egala,30,11:20:46,11:29:05,Light,Egala_Ibbet_4
12/8/2018,Egala_Ibbet_4_31C,4,,Egala,31,11:40:40,11:48:55,Light,Egala_Ibbet_4
12/8/2018,Egala_Ibbet_4_32C,4,,Egala,32,12:02:22,12:11:43,Light,Egala_Ibbet_4
12/8/2018,Egala_Ibbet_4_33C,4,,Egala,33,12:23:32,12:31:57,Light,Egala_Ibbet_4
12/8/2018,Egala_Ibbet_4_34C,4,,Egala,34,12:46:41,12:55:52,Light,Egala_Ibbet_4
12/8/2018,Egala_Ibbet_4_36C,4,,Egala,36,13:11:03,13:23:24,Light,Egala_Ibbet_4
12/8/2018,Egala_Ibbet_4_38C,4,,Egala,38,13:52:34,14:01:27,Light,Egala_Ibbet_4
12/8/2018,Egala_Ibbet_4_42C,4,,Egala,42,14:28:57,14:37:15,Light,Egala_Ibbet_4
12/8/2018,Egala_Ibbet_5_23C,5,,Egala,23,9:36:43,9:46:46,Light,Egala_Ibbet_5
12/8/2018,Egala_Ibbet_5_26C,5,,Egala,26,10:16:11,10:24:49,Light,Egala_Ibbet_5
12/8/2018,Egala_Ibbet_5_28C,5,,Egala,28,10:45:41,10:55:41,Light,Egala_Ibbet_5
12/8/2018,Egala_Ibbet_5_30C,5,,Egala,30,11:20:49,11:29:09,Light,Egala_Ibbet_5
12/8/2018,Egala_Ibbet_5_31C,5,,Egala,31,11:40:44,11:48:58,Light,Egala_Ibbet_5
12/8/2018,Egala_Ibbet_5_32C,5,,Egala,32,12:02:25,12:11:46,Light,Egala_Ibbet_5
12/8/2018,Egala_Ibbet_5_33C,5,,Egala,33,12:23:37,12:32:01,Light,Egala_Ibbet_5
12/8/2018,Egala_Ibbet_5_34C,5,,Egala,34,12:46:47,12:55:54,Light,Egala_Ibbet_5
12/8/2018,Egala_Ibbet_5_36C,5,,Egala,36,13:11:06,13:23:26,Light,Egala_Ibbet_5
12/8/2018,Egala_Ibbet_5_38C,5,,Egala,38,13:52:37,14:01:31,Light,Egala_Ibbet_5
12/8/2018,Egala_Ibbet_5_42C,5,,Egala,42,14:29:00,14:37:19,Light,Egala_Ibbet_5
12/8/2018,Egala_Ibbet_6_23C,6,,Egala,23,9:36:45,9:46:50,Light,Egala_Ibbet_6
12/8/2018,Egala_Ibbet_6_26C,6,,Egala,26,10:16:14,10:24:53,Light,Egala_Ibbet_6
12/8/2018,Egala_Ibbet_6_28C,6,,Egala,28,10:45:43,10:55:46,Light,Egala_Ibbet_6
12/8/2018,Egala_Ibbet_6_30C,6,,Egala,30,11:20:52,11:29:12,Light,Egala_Ibbet_6
12/8/2018,Egala_Ibbet_6_31C,6,,Egala,31,11:40:48,11:49:01,Light,Egala_Ibbet_6
12/8/2018,Egala_Ibbet_6_32C,6,,Egala,32,12:02:28,12:11:49,Light,Egala_Ibbet_6
12/8/2018,Egala_Ibbet_6_33C,6,,Egala,33,12:23:41,12:32:04,Light,Egala_Ibbet_6
12/8/2018,Egala_Ibbet_6_34C,6,,Egala,34,12:46:52,12:55:56,Light,Egala_Ibbet_6
12/8/2018,Egala_Ibbet_6_36C,6,,Egala,36,13:11:09,13:23:29,Light,Egala_Ibbet_6
12/8/2018,Egala_Ibbet_6_38C,6,,Egala,38,13:52:40,14:01:34,Light,Egala_Ibbet_6
12/8/2018,Egala_Ibbet_6_42C,6,,Egala,42,14:29:04,14:37:23,Light,Egala_Ibbet_6
12/8/2018,Egala_Ibbet_8_23C,8,,Egala,23,9:36:51,9:46:58,Light,Egala_Ibbet_8
12/8/2018,Egala_Ibbet_8_26C,8,,Egala,26,10:16:18,10:25:01,Light,Egala_Ibbet_8
12/8/2018,Egala_Ibbet_8_28C,8,,Egala,28,10:45:49,10:55:52,Light,Egala_Ibbet_8
12/8/2018,Egala_Ibbet_8_30C,8,,Egala,30,11:20:57,11:29:18,Light,Egala_Ibbet_8
12/8/2018,Egala_Ibbet_8_31C,8,,Egala,31,11:40:55,11:49:07,Light,Egala_Ibbet_8
12/8/2018,Egala_Ibbet_8_32C,8,,Egala,32,12:02:35,12:11:56,Light,Egala_Ibbet_8
12/8/2018,Egala_Ibbet_8_33C,8,,Egala,33,12:23:49,12:32:18,Light,Egala_Ibbet_8
12/8/2018,Egala_Ibbet_8_34C,8,,Egala,34,12:47:00,12:56:00,Light,Egala_Ibbet_8
12/8/2018,Egala_Ibbet_8_36C,8,,Egala,36,13:11:16,13:23:36,Light,Egala_Ibbet_8
12/8/2018,Egala_Ibbet_8_38C,8,,Egala,38,13:52:50,14:01:40,Light,Egala_Ibbet_8
12/8/2018,Egala_Ibbet_8_42C,8,,Egala,42,14:38:43,14:45:07,Light,Egala_Ibbet_8
12/8/2018,Egala_Ibbet_9_23C,9,,Egala,23,9:45:53,9:55:28,Light,Egala_Ibbet_9
12/8/2018,Egala_Ibbet_9_26C,9,,Egala,26,10:16:22,10:25:04,Light,Egala_Ibbet_9
12/8/2018,Egala_Ibbet_9_28C,9,,Egala,28,10:45:52,10:55:54,Light,Egala_Ibbet_9
12/8/2018,Egala_Ibbet_9_30C,9,,Egala,30,11:21:01,11:29:22,Light,Egala_Ibbet_9
12/8/2018,Egala_Ibbet_9_31C,9,,Egala,31,11:40:59,11:49:10,Light,Egala_Ibbet_9
12/8/2018,Egala_Ibbet_9_32C,9,,Egala,32,12:02:38,12:11:59,Light,Egala_Ibbet_9
12/8/2018,Egala_Ibbet_9_33C,9,,Egala,33,12:23:55,12:32:21,Light,Egala_Ibbet_9
12/8/2018,Egala_Ibbet_9_34C,9,,Egala,34,12:47:04,12:56:03,Light,Egala_Ibbet_9
12/8/2018,Egala_Ibbet_9_36C,9,,Egala,36,13:11:19,13:23:39,Light,Egala_Ibbet_9
12/8/2018,Egala_Ibbet_9_38C,9,,Egala,38,13:52:54,14:01:43,Light,Egala_Ibbet_9
12/8/2018,Egala_Ibbet_9_42C,9,,Egala,42,14:29:14,14:37:33,Light,Egala_Ibbet_9
12/8/2018,EgalaBk_Ibbet_7_23C,7,,Egala,23,9:36:48,9:47:14,Light,EgalaBk_Ibbet_7
12/8/2018,EgalaBk_Ibbet_7_26C,7,,Egala,26,10:16:16,10:24:56,Light,EgalaBk_Ibbet_7
12/8/2018,EgalaBk_Ibbet_7_28C,7,,Egala,28,10:47:46,10:57:24,Light,EgalaBk_Ibbet_7
12/8/2018,EgalaBk_Ibbet_7_30C,7,,Egala,30,11:20:55,11:30:43,Light,EgalaBk_Ibbet_7
12/8/2018,EgalaBk_Ibbet_7_31C,7,,Egala,31,11:40:52,11:49:04,Light,EgalaBk_Ibbet_7
12/8/2018,EgalaBk_Ibbet_7_32C,7,,Egala,32,12:02:32,12:11:52,Light,EgalaBk_Ibbet_7
12/8/2018,EgalaBk_Ibbet_7_33C,7,,Egala,33,12:23:44,12:32:15,Light,EgalaBk_Ibbet_7
12/8/2018,EgalaBk_Ibbet_7_34C,7,,Egala,34,12:46:56,12:55:58,Light,EgalaBk_Ibbet_7
12/8/2018,EgalaBk_Ibbet_7_36C,7,,Egala,36,13:11:12,13:23:32,Light,EgalaBk_Ibbet_7
12/8/2018,EgalaBk_Ibbet_7_38C,7,,Egala,38,13:52:44,14:01:36,Light,EgalaBk_Ibbet_7
12/8/2018,EgalaBk_Ibbet_7_42C,7,,Egala,42,14:29:07,14:37:25,Light,EgalaBk_Ibbet_7
12/8/2018,EgalaBk_Ibbet_10_23C,10,,Egala,23,9:38:22,9:47:03,Light,EgalaBk_Ibbet_10
12/8/2018,EgalaBk_Ibbet_10_26C,10,,Egala,26,10:16:24,10:25:06,Light,EgalaBk_Ibbet_10
12/8/2018,EgalaBk_Ibbet_10_28C,10,,Egala,28,10:45:55,10:56:00,Light,EgalaBk_Ibbet_10
12/8/2018,EgalaBk_Ibbet_10_30C,10,,Egala,30,11:21:03,11:29:26,Light,EgalaBk_Ibbet_10
12/8/2018,EgalaBk_Ibbet_10_31C,10,,Egala,31,11:41:03,11:49:13,Light,EgalaBk_Ibbet_10
12/8/2018,EgalaBk_Ibbet_10_32C,10,,Egala,32,12:02:42,12:12:03,Light,EgalaBk_Ibbet_10
12/8/2018,EgalaBk_Ibbet_10_33C,10,,Egala,33,12:24:01,12:32:24,Light,EgalaBk_Ibbet_10
12/8/2018,EgalaBk_Ibbet_10_34C,10,,Egala,34,12:47:07,12:56:05,Light,EgalaBk_Ibbet_10
12/8/2018,EgalaBk_Ibbet_10_36C,10,,Egala,36,13:11:22,13:23:42,Light,EgalaBk_Ibbet_10
12/8/2018,EgalaBk_Ibbet_10_38C,10,,Egala,38,13:52:57,14:01:47,Light,EgalaBk_Ibbet_10
12/8/2018,EgalaBk_Ibbet_10_42C,10,,Egala,42,14:29:19,14:37:36,Light,EgalaBk_Ibbet_10
13/8/18,Egala_Espi_1_19C,1,,Egala,19,10:47:06,10:55:09,Light,Egala_Espi_1
13/8/18,Egala_Espi_1_23C,1,,Egala,23,11:37:22,11:47:35,Light,Egala_Espi_1
13/8/18,Egala_Espi_1_26C,1,,Egala,26,11:56:20,12:04:30,Light,Egala_Espi_1
13/8/18,Egala_Espi_1_28C,1,,Egala,28,12:20:14,12:27:43,Light,Egala_Espi_1
13/8/18,Egala_Espi_1_30C,1,,Egala,30,12:35:35,12:42:16,Light,Egala_Espi_1
13/8/18,Egala_Espi_1_31C,1,,Egala,31,12:51:22,13:00:57,Light,Egala_Espi_1
13/8/18,Egala_Espi_1_32C,1,,Egala,32,13:21:09,13:27:58,Light,Egala_Espi_1
13/8/18,Egala_Espi_1_33C,1,,Egala,33,13:35:29,13:43:05,Light,Egala_Espi_1
13/8/18,Egala_Espi_1_34C,1,,Egala,34,13:50:09,13:59:59,Light,Egala_Espi_1
13/8/18,Egala_Espi_1_36C,1,,Egala,36,14:20:03,14:28:03,Light,Egala_Espi_1
13/8/18,Egala_Espi_1_38C,1,,Egala,38,14:44:23,14:51:45,Light,Egala_Espi_1
13/8/18,Egala_Espi_1_42C,1,,Egala,42,15:32:09,15:39:33,Light,Egala_Espi_1
13/8/18,Egala_Espi_2_19C,2,,Egala,19,10:47:09,10:55:12,Light,Egala_Espi_2
13/8/18,Egala_Espi_2_23C,2,,Egala,23,11:37:25,11:45:48,Light,Egala_Espi_2
13/8/18,Egala_Espi_2_26C,2,,Egala,26,11:56:24,12:04:32,Light,Egala_Espi_2
13/8/18,Egala_Espi_2_28C,2,,Egala,28,12:20:16,12:27:47,Light,Egala_Espi_2
13/8/18,Egala_Espi_2_30C,2,,Egala,30,12:35:37,12:42:20,Light,Egala_Espi_2
13/8/18,Egala_Espi_2_31C,2,,Egala,31,12:51:25,13:01:00,Light,Egala_Espi_2
13/8/18,Egala_Espi_2_32C,2,,Egala,32,13:21:10,13:28:01,Light,Egala_Espi_2
13/8/18,Egala_Espi_2_33C,2,,Egala,33,13:35:33,13:43:07,Light,Egala_Espi_2
13/8/18,Egala_Espi_2_34C,2,,Egala,34,13:50:11,14:00:01,Light,Egala_Espi_2
13/8/18,Egala_Espi_2_36C,2,,Egala,36,14:20:07,14:28:05,Light,Egala_Espi_2
13/8/18,Egala_Espi_2_38C,2,,Egala,38,14:44:26,14:51:49,Light,Egala_Espi_2
13/8/18,Egala_Espi_2_42C,2,,Egala,42,15:32:11,15:39:35,Light,Egala_Espi_2
13/8/18,Egala_Espi_4_19C,4,,Egala,19,10:47:16,10:55:18,Light,Egala_Espi_4
13/8/18,Egala_Espi_4_23C,4,,Egala,23,11:37:31,11:45:52,Light,Egala_Espi_4
13/8/18,Egala_Espi_4_26C,4,,Egala,26,11:56:30,12:04:38,Light,Egala_Espi_4
13/8/18,Egala_Espi_4_28C,4,,Egala,28,12:20:25,12:27:55,Light,Egala_Espi_4
13/8/18,Egala_Espi_4_30C,4,,Egala,30,12:35:42,12:42:27,Light,Egala_Espi_4
13/8/18,Egala_Espi_4_31C,4,,Egala,31,12:55:31,13:01:08,Light,Egala_Espi_4
13/8/18,Egala_Espi_4_32C,4,,Egala,32,13:21:15,13:28:07,Light,Egala_Espi_4
13/8/18,Egala_Espi_4_33C,4,,Egala,33,13:35:54,13:43:12,Light,Egala_Espi_4
13/8/18,Egala_Espi_4_34C,4,,Egala,34,13:50:16,14:00:07,Light,Egala_Espi_4
13/8/18,Egala_Espi_4_36C,4,,Egala,36,14:20:16,14:28:09,Light,Egala_Espi_4
13/8/18,Egala_Espi_4_38C,4,,Egala,38,14:44:32,14:51:56,Light,Egala_Espi_4
13/8/18,Egala_Espi_4_42C,4,,Egala,42,15:32:18,15:39:41,Light,Egala_Espi_4
13/8/18,Egala_Espi_5_19C,5,,Egala,19,10:47:21,10:55:21,Light,Egala_Espi_5
13/8/18,Egala_Espi_5_23C,5,,Egala,23,11:37:34,11:45:55,Light,Egala_Espi_5
13/8/18,Egala_Espi_5_26C,5,,Egala,26,11:56:34,12:04:41,Light,Egala_Espi_5
13/8/18,Egala_Espi_5_28C,5,,Egala,28,12:20:28,12:27:57,Light,Egala_Espi_5
13/8/18,Egala_Espi_5_30C,5,,Egala,30,12:35:44,12:42:29,Light,Egala_Espi_5
13/8/18,Egala_Espi_5_31C,5,,Egala,31,12:51:34,13:01:11,Light,Egala_Espi_5
13/8/18,Egala_Espi_5_32C,5,,Egala,32,13:21:18,13:28:11,Light,Egala_Espi_5
13/8/18,Egala_Espi_5_33C,5,,Egala,33,13:35:57,13:43:15,Light,Egala_Espi_5
13/8/18,Egala_Espi_5_34C,5,,Egala,34,13:50:19,14:00:49,Light,Egala_Espi_5
13/8/18,Egala_Espi_5_36C,5,,Egala,36,14:20:13,14:28:12,Light,Egala_Espi_5
13/8/18,Egala_Espi_5_38C,5,,Egala,38,14:44:36,14:51:58,Light,Egala_Espi_5
13/8/18,Egala_Espi_5_42C,5,,Egala,42,15:32:20,15:39:43,Light,Egala_Espi_5
13/8/18,Egala_Espi_7_19C,7,,Egala,19,10:52:27,10:55:28,Light,Egala_Espi_7
13/8/18,Egala_Espi_7_23C,7,,Egala,23,11:37:40,11:45:59,Light,Egala_Espi_7
13/8/18,Egala_Espi_7_26C,7,,Egala,26,12:01:40,12:10:41,Light,Egala_Espi_7
13/8/18,Egala_Espi_7_28C,7,,Egala,28,12:20:34,12:28:03,Light,Egala_Espi_7
13/8/18,Egala_Espi_7_30C,7,,Egala,30,12:35:50,12:42:35,Light,Egala_Espi_7
13/8/18,Egala_Espi_7_31C,7,,Egala,31,12:51:40,13:01:18,Light,Egala_Espi_7
13/8/18,Egala_Espi_7_32C,7,,Egala,32,13:21:23,13:28:16,Light,Egala_Espi_7
13/8/18,Egala_Espi_7_33C,7,,Egala,33,13:36:04,13:43:20,Light,Egala_Espi_7
13/8/18,Egala_Espi_7_34C,7,,Egala,34,13:50:24,14:00:54,Light,Egala_Espi_7
13/8/18,Egala_Espi_7_36C,7,,Egala,36,14:20:24,14:28:17,Light,Egala_Espi_7
13/8/18,Egala_Espi_7_38C,7,,Egala,38,14:44:43,14:52:06,Light,Egala_Espi_7
13/8/18,Egala_Espi_7_42C,7,,Egala,42,15:32:26,15:39:49,Light,Egala_Espi_7
13/8/18,Egala_Espi_8_19C,8,,Egala,19,10:47:31,10:55:35,Light,Egala_Espi_8
13/8/18,Egala_Espi_8_23C,8,,Egala,23,11:37:44,11:46:01,Light,Egala_Espi_8
13/8/18,Egala_Espi_8_26C,8,,Egala,26,11:56:43,12:04:50,Light,Egala_Espi_8
13/8/18,Egala_Espi_8_28C,8,,Egala,28,12:20:36,12:28:06,Light,Egala_Espi_8
13/8/18,Egala_Espi_8_30C,8,,Egala,30,12:35:52,12:42:38,Light,Egala_Espi_8
13/8/18,Egala_Espi_8_31C,8,,Egala,31,12:51:44,13:01:21,Light,Egala_Espi_8
13/8/18,Egala_Espi_8_32C,8,,Egala,32,13:21:27,13:28:18,Light,Egala_Espi_8
13/8/18,Egala_Espi_8_33C,8,,Egala,33,13:36:07,13:43:22,Light,Egala_Espi_8
13/8/18,Egala_Espi_8_34C,8,,Egala,34,13:50:26,14:00:56,Light,Egala_Espi_8
13/8/18,Egala_Espi_8_36C,8,,Egala,36,14:20:30,14:28:20,Light,Egala_Espi_8
13/8/18,Egala_Espi_8_38C,8,,Egala,38,14:44:46,14:52:09,Light,Egala_Espi_8
13/8/18,Egala_Espi_8_42C,8,,Egala,42,15:32:28,15:39:52,Light,Egala_Espi_8
13/8/18,Egala_Espi_9_19C,9,,Egala,19,10:47:33,10:55:38,Light,Egala_Espi_9
13/8/18,Egala_Espi_9_23C,9,,Egala,23,11:37:47,11:46:04,Light,Egala_Espi_9
13/8/18,Egala_Espi_9_26C,9,,Egala,26,11:56:46,12:04:53,Light,Egala_Espi_9
13/8/18,Egala_Espi_9_28C,9,,Egala,28,12:20:39,12:28:08,Light,Egala_Espi_9
13/8/18,Egala_Espi_9_30C,9,,Egala,30,12:35:56,12:42:40,Light,Egala_Espi_9
13/8/18,Egala_Espi_9_31C,9,,Egala,31,12:51:48,13:01:24,Light,Egala_Espi_9
13/8/18,Egala_Espi_9_32C,9,,Egala,32,13:21:30,13:28:20,Light,Egala_Espi_9
13/8/18,Egala_Espi_9_33C,9,,Egala,33,13:36:10,13:43:25,Light,Egala_Espi_9
13/8/18,Egala_Espi_9_34C,9,,Egala,34,13:50:29,14:00:59,Light,Egala_Espi_9
13/8/18,Egala_Espi_9_36C,9,,Egala,36,14:20:33,14:28:23,Light,Egala_Espi_9
13/8/18,Egala_Espi_9_38C,9,,Egala,38,14:44:50,14:52:12,Light,Egala_Espi_9
13/8/18,Egala_Espi_9_42C,9,,Egala,42,15:32:31,15:39:55,Light,Egala_Espi_9
13/8/18,Egala_Espi_10_19C,10,,Egala,19,10:47:37,10:55:41,Light,Egala_Espi_10
13/8/18,Egala_Espi_10_23C,10,,Egala,23,11:37:51,11:46:06,Light,Egala_Espi_10
13/8/18,Egala_Espi_10_26C,10,,Egala,26,11:56:49,12:04:56,Light,Egala_Espi_10
13/8/18,Egala_Espi_10_28C,10,,Egala,28,12:20:42,12:28:11,Light,Egala_Espi_10
13/8/18,Egala_Espi_10_30C,10,,Egala,30,12:35:59,12:42:44,Light,Egala_Espi_10
13/8/18,Egala_Espi_10_31C,10,,Egala,31,12:51:52,13:01:27,Light,Egala_Espi_10
13/8/18,Egala_Espi_10_32C,10,,Egala,32,13:21:33,13:28:23,Light,Egala_Espi_10
13/8/18,Egala_Espi_10_33C,10,,Egala,33,13:36:57,13:43:27,Light,Egala_Espi_10
13/8/18,Egala_Espi_10_34C,10,,Egala,34,13:50:31,14:01:02,Light,Egala_Espi_10
13/8/18,Egala_Espi_10_36C,10,,Egala,36,14:20:37,14:28:25,Light,Egala_Espi_10
13/8/18,Egala_Espi_10_38C,10,,Egala,38,14:44:54,14:52:15,Light,Egala_Espi_10
13/8/18,Egala_Espi_10_42C,10,,Egala,42,15:32:34,15:39:59,Light,Egala_Espi_10
13/8/18,EgalaBk_Espi_3_19C,3,,Egala,19,10:47:12,10:55:15,Light,EgalaBk_Espi_3
13/8/18,EgalaBk_Espi_3_23C,3,,Egala,23,11:37:28,11:45:50,Light,EgalaBk_Espi_3
13/8/18,EgalaBk_Espi_3_26C,3,,Egala,26,11:56:27,12:04:35,Light,EgalaBk_Espi_3
13/8/18,EgalaBk_Espi_3_28C,3,,Egala,28,12:20:21,12:27:51,Light,EgalaBk_Espi_3
13/8/18,EgalaBk_Espi_3_30C,3,,Egala,30,12:35:40,12:42:23,Light,EgalaBk_Espi_3
13/8/18,EgalaBk_Espi_3_31C,3,,Egala,31,12:51:28,13:01:03,Light,EgalaBk_Espi_3
13/8/18,EgalaBk_Espi_3_32C,3,,Egala,32,13:21:12,13:28:05,Light,EgalaBk_Espi_3
13/8/18,EgalaBk_Espi_3_33C,3,,Egala,33,13:35:36,13:43:10,Light,EgalaBk_Espi_3
13/8/18,EgalaBk_Espi_3_34C,3,,Egala,34,13:50:14,14:00:04,Light,EgalaBk_Espi_3
13/8/18,EgalaBk_Espi_3_36C,3,,Egala,36,14:20:10,14:28:07,Light,EgalaBk_Espi_3
13/8/18,EgalaBk_Espi_3_38C,3,,Egala,38,14:44:29,14:51:53,Light,EgalaBk_Espi_3
13/8/18,EgalaBk_Espi_3_42C,3,,Egala,42,15:32:14,15:39:37,Light,EgalaBk_Espi_3
13/8/18,EgalaBk_Espi_6_19C,6,,Egala,19,10:47:24,10:55:24,Light,EgalaBk_Espi_6
13/8/18,EgalaBk_Espi_6_23C,6,,Egala,23,11:37:37,11:45:57,Light,EgalaBk_Espi_6
13/8/18,EgalaBk_Espi_6_26C,6,,Egala,26,11:56:37,12:04:45,Light,EgalaBk_Espi_6
13/8/18,EgalaBk_Espi_6_28C,6,,Egala,28,12:20:30,12:28:00,Light,EgalaBk_Espi_6
13/8/18,EgalaBk_Espi_6_30C,6,,Egala,30,12:35:47,12:43:08,Light,EgalaBk_Espi_6
13/8/18,EgalaBk_Espi_6_31C,6,,Egala,31,12:51:37,13:01:15,Light,EgalaBk_Espi_6
13/8/18,EgalaBk_Espi_6_32C,6,,Egala,32,13:21:21,13:28:13,Light,EgalaBk_Espi_6
13/8/18,EgalaBk_Espi_6_33C,6,,Egala,33,13:36:01,13:43:17,Light,EgalaBk_Espi_6
13/8/18,EgalaBk_Espi_6_34C,6,,Egala,34,13:50:21,14:00:52,Light,EgalaBk_Espi_6
13/8/18,EgalaBk_Espi_6_36C,6,,Egala,36,14:20:20,14:28:14,Light,EgalaBk_Espi_6
13/8/18,EgalaBk_Espi_6_38C,6,,Egala,38,14:44:40,14:52:03,Light,EgalaBk_Espi_6
13/8/18,EgalaBk_Espi_6_42C,6,,Egala,42,15:32:22,15:39:46,Light,EgalaBk_Espi_6
14/8/18,Egala_Doug_1_19C,1,,Egala,19,12:24:55,12:33:28,Light,Egala_Doug_1
14/8/18,Egala_Doug_1_23C,1,,Egala,23,13:00:19,13:05:31,Light,Egala_Doug_1
14/8/18,Egala_Doug_1_26C,1,,Egala,26,13:47:55,13:53:17,Light,Egala_Doug_1
14/8/18,Egala_Doug_1_28C,1,,Egala,28,14:02:22,14:08:26,Light,Egala_Doug_1
14/8/18,Egala_Doug_1_30C,1,,Egala,30,14:54:06,14:59:15,Light,Egala_Doug_1
14/8/18,Egala_Doug_1_31C,1,,Egala,31,15:06:47,15:14:12,Light,Egala_Doug_1
14/8/18,Egala_Doug_1_32C,1,,Egala,32,15:25:54,15:31:26,Light,Egala_Doug_1
14/8/18,Egala_Doug_1_33C,1,,Egala,33,15:38:57,15:45:04,Light,Egala_Doug_1
14/8/18,Egala_Doug_1_34C,1,,Egala,34,15:53:09,15:59:39,Light,Egala_Doug_1
14/8/18,Egala_Doug_1_36C,1,,Egala,36,16:16:55,16:24:11,Light,Egala_Doug_1
14/8/18,Egala_Doug_1_38C,1,,Egala,38,16:33:40,16:42:22,Light,Egala_Doug_1
14/8/18,Egala_Doug_1_42C,1,,Egala,42,19:22:51,19:28:49,Light,Egala_Doug_1
14/8/18,Egala_Doug_2_19C,2,,Egala,19,12:24:57,12:33:30,Light,Egala_Doug_2
14/8/18,Egala_Doug_2_23C,2,,Egala,23,13:00:23,13:05:35,Light,Egala_Doug_2
14/8/18,Egala_Doug_2_26C,2,,Egala,26,13:47:58,13:53:20,Light,Egala_Doug_2
14/8/18,Egala_Doug_2_28C,2,,Egala,28,14:02:24,14:07:45,Light,Egala_Doug_2
14/8/18,Egala_Doug_2_30C,2,,Egala,30,14:54:08,14:59:17,Light,Egala_Doug_2
14/8/18,Egala_Doug_2_31C,2,,Egala,31,15:06:51,15:14:16,Light,Egala_Doug_2
14/8/18,Egala_Doug_2_32C,2,,Egala,32,15:25:57,15:31:28,Light,Egala_Doug_2
14/8/18,Egala_Doug_2_33C,2,,Egala,33,15:38:59,15:45:08,Light,Egala_Doug_2
14/8/18,Egala_Doug_2_34C,2,,Egala,34,15:53:13,15:59:42,Light,Egala_Doug_2
14/8/18,Egala_Doug_2_36C,2,,Egala,36,16:16:58,16:24:14,Light,Egala_Doug_2
14/8/18,Egala_Doug_2_38C,2,,Egala,38,16:33:45,16:42:25,Light,Egala_Doug_2
14/8/18,Egala_Doug_2_42C,2,,Egala,42,19:22:53,19:28:51,Light,Egala_Doug_2
14/8/18,Egala_Doug_3_19C,3,,Egala,19,12:25:00,12:33:33,Light,Egala_Doug_3
14/8/18,Egala_Doug_3_23C,3,,Egala,23,13:00:25,13:05:37,Light,Egala_Doug_3
14/8/18,Egala_Doug_3_26C,3,,Egala,26,13:48:00,13:53:23,Light,Egala_Doug_3
14/8/18,Egala_Doug_3_28C,3,,Egala,28,14:10:47,14:19:00,Light,Egala_Doug_3
14/8/18,Egala_Doug_3_30C,3,,Egala,30,14:54:11,14:59:20,Light,Egala_Doug_3
14/8/18,Egala_Doug_3_31C,3,,Egala,31,15:06:54,15:14:25,Light,Egala_Doug_3
14/8/18,Egala_Doug_3_32C,3,,Egala,32,15:25:58,15:31:31,Light,Egala_Doug_3
14/8/18,Egala_Doug_3_33C,3,,Egala,33,15:39:02,15:45:11,Light,Egala_Doug_3
14/8/18,Egala_Doug_3_34C,3,,Egala,34,15:53:16,15:59:44,Light,Egala_Doug_3
14/8/18,Egala_Doug_3_36C,3,,Egala,36,16:16:59,16:24:16,Light,Egala_Doug_3
14/8/18,Egala_Doug_3_38C,3,,Egala,38,16:33:47,16:42:27,Light,Egala_Doug_3
14/8/18,Egala_Doug_3_42C,3,,Egala,42,19:22:56,19:28:52,Light,Egala_Doug_3
14/8/18,Egala_Doug_5_19C,5,,Egala,19,12:25:06,12:33:40,Light,Egala_Doug_5
14/8/18,Egala_Doug_5_23C,5,,Egala,23,13:00:30,13:05:42,Light,Egala_Doug_5
14/8/18,Egala_Doug_5_26C,5,,Egala,26,13:48:05,13:53:28,Light,Egala_Doug_5
14/8/18,Egala_Doug_5_28C,5,,Egala,28,14:02:31,14:08:03,Light,Egala_Doug_5
14/8/18,Egala_Doug_5_30C,5,,Egala,30,14:54:16,14:59:25,Light,Egala_Doug_5
14/8/18,Egala_Doug_5_31C,5,,Egala,31,15:07:01,15:14:29,Light,Egala_Doug_5
14/8/18,Egala_Doug_5_32C,5,,Egala,32,15:26:03,15:31:37,Light,Egala_Doug_5
14/8/18,Egala_Doug_5_33C,5,,Egala,33,15:39:08,15:45:18,Light,Egala_Doug_5
14/8/18,Egala_Doug_5_34C,5,,Egala,34,15:53:23,15:59:48,Light,Egala_Doug_5
14/8/18,Egala_Doug_5_36C,5,,Egala,36,16:17:04,16:24:21,Light,Egala_Doug_5
14/8/18,Egala_Doug_5_38C,5,,Egala,38,16:33:52,16:42:31,Light,Egala_Doug_5
14/8/18,Egala_Doug_5_42C,5,,Egala,42,19:23:03,19:28:57,Light,Egala_Doug_5
14/8/18,Egala_Doug_6_19C,6,,Egala,19,12:25:08,12:33:43,Light,Egala_Doug_6
14/8/18,Egala_Doug_6_23C,6,,Egala,23,13:00:32,13:05:45,Light,Egala_Doug_6
14/8/18,Egala_Doug_6_26C,6,,Egala,26,13:48:07,13:53:39,Light,Egala_Doug_6
14/8/18,Egala_Doug_6_28C,6,,Egala,28,14:02:34,14:08:06,Light,Egala_Doug_6
14/8/18,Egala_Doug_6_30C,6,,Egala,30,14:54:18,14:59:28,Light,Egala_Doug_6
14/8/18,Egala_Doug_6_31C,6,,Egala,31,15:07:11,15:14:32,Light,Egala_Doug_6
14/8/18,Egala_Doug_6_32C,6,,Egala,32,15:26:06,15:31:40,Light,Egala_Doug_6
14/8/18,Egala_Doug_6_33C,6,,Egala,33,15:39:12,15:45:20,Light,Egala_Doug_6
14/8/18,Egala_Doug_6_34C,6,,Egala,34,15:53:27,15:59:51,Light,Egala_Doug_6
14/8/18,Egala_Doug_6_36C,6,,Egala,36,16:17:06,16:24:23,Light,Egala_Doug_6
14/8/18,Egala_Doug_6_38C,6,,Egala,38,16:33:55,16:42:35,Light,Egala_Doug_6
14/8/18,Egala_Doug_6_42C,6,,Egala,42,19:23:05,19:29:00,Light,Egala_Doug_6
14/8/18,Egala_Doug_7_19C,7,,Egala,19,12:25:11,12:33:47,Light,Egala_Doug_7
14/8/18,Egala_Doug_7_23C,7,,Egala,23,13:00:35,13:05:47,Light,Egala_Doug_7
14/8/18,Egala_Doug_7_26C,7,,Egala,26,13:48:10,13:53:42,Light,Egala_Doug_7
14/8/18,Egala_Doug_7_28C,7,,Egala,28,14:02:37,14:08:10,Light,Egala_Doug_7
14/8/18,Egala_Doug_7_30C,7,,Egala,30,14:54:21,14:59:31,Light,Egala_Doug_7
14/8/18,Egala_Doug_7_31C,7,,Egala,31,15:07:14,15:14:34,Light,Egala_Doug_7
14/8/18,Egala_Doug_7_32C,7,,Egala,32,15:26:09,15:31:43,Light,Egala_Doug_7
14/8/18,Egala_Doug_7_33C,7,,Egala,33,15:39:15,15:45:24,Light,Egala_Doug_7
14/8/18,Egala_Doug_7_34C,7,,Egala,34,15:53:31,15:59:53,Light,Egala_Doug_7
14/8/18,Egala_Doug_7_36C,7,,Egala,36,16:17:08,16:24:25,Light,Egala_Doug_7
14/8/18,Egala_Doug_7_38C,7,,Egala,38,16:33:58,16:42:39,Light,Egala_Doug_7
14/8/18,Egala_Doug_7_42C,7,,Egala,42,19:23:09,19:29:03,Light,Egala_Doug_7
14/8/18,Egala_Doug_8_19C,8,,Egala,19,12:25:14,12:31:14,Light,Egala_Doug_8
14/8/18,Egala_Doug_8_23C,8,,Egala,23,13:00:38,13:05:49,Light,Egala_Doug_8
14/8/18,Egala_Doug_8_26C,8,,Egala,26,13:48:12,13:53:44,Light,Egala_Doug_8
14/8/18,Egala_Doug_8_28C,8,,Egala,28,14:02:40,14:08:14,Light,Egala_Doug_8
14/8/18,Egala_Doug_8_30C,8,,Egala,30,14:54:24,14:59:33,Light,Egala_Doug_8
14/8/18,Egala_Doug_8_31C,8,,Egala,31,15:07:17,15:14:36,Light,Egala_Doug_8
14/8/18,Egala_Doug_8_32C,8,,Egala,32,15:26:12,15:31:45,Light,Egala_Doug_8
14/8/18,Egala_Doug_8_33C,8,,Egala,33,15:39:17,15:45:30,Light,Egala_Doug_8
14/8/18,Egala_Doug_8_34C,8,,Egala,34,15:53:36,15:59:55,Light,Egala_Doug_8
14/8/18,Egala_Doug_8_36C,8,,Egala,36,16:17:11,16:24:28,Light,Egala_Doug_8
14/8/18,Egala_Doug_8_38C,8,,Egala,38,16:34:03,16:42:45,Light,Egala_Doug_8
14/8/18,Egala_Doug_8_42C,8,,Egala,42,19:23:12,19:29:05,Light,Egala_Doug_8
14/8/18,Egala_Doug_10_19C,10,,Egala,19,12:25:20,12:31:18,Light,Egala_Doug_10
14/8/18,Egala_Doug_10_23C,10,,Egala,23,13:00:44,13:05:56,Light,Egala_Doug_10
14/8/18,Egala_Doug_10_26C,10,,Egala,26,13:48:18,13:53:53,Light,Egala_Doug_10
14/8/18,Egala_Doug_10_28C,10,,Egala,28,14:02:48,14:08:22,Light,Egala_Doug_10
14/8/18,Egala_Doug_10_30C,10,,Egala,30,14:54:30,14:59:39,Light,Egala_Doug_10
14/8/18,Egala_Doug_10_31C,10,,Egala,31,15:07:26,15:14:40,Light,Egala_Doug_10
14/8/18,Egala_Doug_10_32C,10,,Egala,32,15:26:18,15:31:51,Light,Egala_Doug_10
14/8/18,Egala_Doug_10_33C,10,,Egala,33,15:39:23,15:45:34,Light,Egala_Doug_10
14/8/18,Egala_Doug_10_34C,10,,Egala,34,15:53:42,16:00:02,Light,Egala_Doug_10
14/8/18,Egala_Doug_10_36C,10,,Egala,36,16:17:16,16:24:35,Light,Egala_Doug_10
14/8/18,Egala_Doug_10_38C,10,,Egala,38,16:34:12,16:42:51,Light,Egala_Doug_10
14/8/18,Egala_Doug_10_42C,10,,Egala,42,19:23:19,19:29:11,Light,Egala_Doug_10
14/8/18,EgalaBk_Doug_4_19C,4,,Egala,19,12:25:03,12:33:36,Light,EgalaBk_Doug_4
14/8/18,EgalaBk_Doug_4_23C,4,,Egala,23,13:00:27,13:05:39,Light,EgalaBk_Doug_4
14/8/18,EgalaBk_Doug_4_28C,4,,Egala,28,14:02:29,14:08:00,Light,EgalaBk_Doug_4
14/8/18,EgalaBk_Doug_4_30C,4,,Egala,30,14:54:13,14:59:23,Light,EgalaBk_Doug_4
14/8/18,EgalaBk_Doug_4_31C,4,,Egala,31,15:06:57,15:14:27,Light,EgalaBk_Doug_4
14/8/18,EgalaBk_Doug_4_32C,4,,Egala,32,15:26:01,15:31:34,Light,EgalaBk_Doug_4
14/8/18,EgalaBk_Doug_4_33C,4,,Egala,33,15:39:05,15:45:15,Light,EgalaBk_Doug_4
14/8/18,EgalaBk_Doug_4_34C,4,,Egala,34,15:53:20,15:59:46,Light,EgalaBk_Doug_4
14/8/18,EgalaBk_Doug_4_36C,4,,Egala,36,16:17:02,16:24:18,Light,EgalaBk_Doug_4
14/8/18,EgalaBk_Doug_4_38C,4,,Egala,38,16:33:49,16:42:29,Light,EgalaBk_Doug_4
14/8/18,EgalaBk_Doug_4_42C,4,,Egala,42,19:23:00,19:28:55,Light,EgalaBk_Doug_4
14/8/18,EgalaBk_Doug_9_19C,9,,Egala,19,12:25:17,12:34:11,Light,EgalaBk_Doug_9
14/8/18,EgalaBk_Doug_9_23C,9,,Egala,23,13:00:42,13:05:52,Light,EgalaBk_Doug_9
14/8/18,EgalaBk_Doug_9_28C,9,,Egala,28,14:02:44,14:08:19,Light,EgalaBk_Doug_9
14/8/18,EgalaBk_Doug_9_30C,9,,Egala,30,14:54:27,14:59:36,Light,EgalaBk_Doug_9
14/8/18,EgalaBk_Doug_9_31C,9,,Egala,31,15:07:21,15:14:38,Light,EgalaBk_Doug_9
14/8/18,EgalaBk_Doug_9_32C,9,,Egala,32,15:26:15,15:31:48,Light,EgalaBk_Doug_9
14/8/18,EgalaBk_Doug_9_33C,9,,Egala,33,15:39:20,15:45:27,Light,EgalaBk_Doug_9
14/8/18,EgalaBk_Doug_9_34C,9,,Egala,34,15:53:39,15:59:59,Light,EgalaBk_Doug_9
14/8/18,EgalaBk_Doug_9_36C,9,,Egala,36,16:17:13,16:24:32,Light,EgalaBk_Doug_9
14/8/18,EgalaBk_Doug_9_38C,9,,Egala,38,16:34:07,16:42:49,Light,EgalaBk_Doug_9
14/8/18,EgalaBk_Doug_9_42C,9,,Egala,42,19:23:15,19:29:07,Light,EgalaBk_Doug_9
16/8/18,Egala_Botel_1_20C,1,,Egala,20,12:02:07,12:08:42,Light,Egala_Botel_1
16/8/18,Egala_Botel_1_23C,1,,Egala,23,12:25:56,12:32:18,Light,Egala_Botel_1
16/8/18,Egala_Botel_1_26C,1,,Egala,26,12:45:06,12:49:37,Light,Egala_Botel_1
16/8/18,Egala_Botel_1_28C,1,,Egala,28,12:58:39,13:04:47,Light,Egala_Botel_1
16/8/18,Egala_Botel_1_30C,1,,Egala,30,13:12:13,13:17:36,Light,Egala_Botel_1
16/8/18,Egala_Botel_1_31C,1,,Egala,31,13:53:10,14:01:03,Light,Egala_Botel_1
16/8/18,Egala_Botel_1_32C,1,,Egala,32,14:09:28,14:17:06,Light,Egala_Botel_1
16/8/18,Egala_Botel_1_33C,1,,Egala,33,14:26:43,14:34:29,Light,Egala_Botel_1
16/8/18,Egala_Botel_1_34C,1,,Egala,34,14:44:15,14:50:32,Light,Egala_Botel_1
16/8/18,Egala_Botel_1_36C,1,,Egala,36,15:01:06,15:07:34,Light,Egala_Botel_1
16/8/18,Egala_Botel_1_38C,1,,Egala,38,15:19:19,15:26:07,Light,Egala_Botel_1
16/8/18,Egala_Botel_1_42C,1,,Egala,42,15:55:51,16:03:31,Light,Egala_Botel_1
16/8/18,Egala_Botel_2_20C,2,,Egala,20,12:02:11,12:06:11,Light,Egala_Botel_2
16/8/18,Egala_Botel_2_23C,2,,Egala,23,12:25:59,12:32:20,Light,Egala_Botel_2
16/8/18,Egala_Botel_2_26C,2,,Egala,26,12:45:08,12:51:07,Light,Egala_Botel_2
16/8/18,Egala_Botel_2_28C,2,,Egala,28,12:58:42,13:04:49,Light,Egala_Botel_2
16/8/18,Egala_Botel_2_30C,2,,Egala,30,13:12:15,13:17:39,Light,Egala_Botel_2
16/8/18,Egala_Botel_2_31C,2,,Egala,31,13:53:13,14:01:06,Light,Egala_Botel_2
16/8/18,Egala_Botel_2_32C,2,,Egala,32,14:09:31,14:17:08,Light,Egala_Botel_2
16/8/18,Egala_Botel_2_33C,2,,Egala,33,14:26:46,14:34:31,Light,Egala_Botel_2
16/8/18,Egala_Botel_2_34C,2,,Egala,34,14:44:17,14:50:34,Light,Egala_Botel_2
16/8/18,Egala_Botel_2_36C,2,,Egala,36,15:01:09,15:07:37,Light,Egala_Botel_2
16/8/18,Egala_Botel_2_38C,2,,Egala,38,15:19:22,15:26:09,Light,Egala_Botel_2
16/8/18,Egala_Botel_2_42C,2,,Egala,42,15:55:53,16:03:33,Light,Egala_Botel_2
16/8/18,Egala_Botel_3_20C,3,,Egala,20,12:02:14,12:08:48,Light,Egala_Botel_3
16/8/18,Egala_Botel_3_23C,3,,Egala,23,12:26:02,12:32:23,Light,Egala_Botel_3
16/8/18,Egala_Botel_3_26C,3,,Egala,26,12:45:11,12:51:10,Light,Egala_Botel_3
16/8/18,Egala_Botel_3_28C,3,,Egala,28,12:58:44,13:04:52,Light,Egala_Botel_3
16/8/18,Egala_Botel_3_30C,3,,Egala,30,13:12:17,13:17:42,Light,Egala_Botel_3
16/8/18,Egala_Botel_3_31C,3,,Egala,31,13:53:16,14:01:08,Light,Egala_Botel_3
16/8/18,Egala_Botel_3_32C,3,,Egala,32,14:09:33,14:17:10,Light,Egala_Botel_3
16/8/18,Egala_Botel_3_33C,3,,Egala,33,14:26:47,14:34:33,Light,Egala_Botel_3
16/8/18,Egala_Botel_3_34C,3,,Egala,34,14:44:20,14:50:36,Light,Egala_Botel_3
16/8/18,Egala_Botel_3_36C,3,,Egala,36,15:01:11,15:07:39,Light,Egala_Botel_3
16/8/18,Egala_Botel_3_38C,3,,Egala,38,15:19:25,15:26:11,Light,Egala_Botel_3
16/8/18,Egala_Botel_3_42C,3,,Egala,42,15:55:57,16:03:35,Light,Egala_Botel_3
16/8/18,Egala_Botel_4_20C,4,,Egala,20,12:02:17,12:08:50,Light,Egala_Botel_4
16/8/18,Egala_Botel_4_23C,4,,Egala,23,12:26:05,12:32:26,Light,Egala_Botel_4
16/8/18,Egala_Botel_4_26C,4,,Egala,26,12:45:13,12:51:13,Light,Egala_Botel_4
16/8/18,Egala_Botel_4_28C,4,,Egala,28,12:58:47,13:04:56,Light,Egala_Botel_4
16/8/18,Egala_Botel_4_30C,4,,Egala,30,13:12:19,13:17:45,Light,Egala_Botel_4
16/8/18,Egala_Botel_4_31C,4,,Egala,31,13:53:19,14:01:10,Light,Egala_Botel_4
16/8/18,Egala_Botel_4_32C,4,,Egala,32,14:09:36,14:17:12,Light,Egala_Botel_4
16/8/18,Egala_Botel_4_33C,4,,Egala,33,14:26:50,14:34:35,Light,Egala_Botel_4
16/8/18,Egala_Botel_4_34C,4,,Egala,34,14:44:23,14:50:39,Light,Egala_Botel_4
16/8/18,Egala_Botel_4_36C,4,,Egala,36,15:01:14,15:07:41,Light,Egala_Botel_4
16/8/18,Egala_Botel_4_38C,4,,Egala,38,15:19:27,15:26:13,Light,Egala_Botel_4
16/8/18,Egala_Botel_4_42C,4,,Egala,42,15:56:01,16:03:40,Light,Egala_Botel_4
16/8/18,Egala_Botel_6_20C,6,,Egala,20,12:02:24,12:08:54,Light,Egala_Botel_6
16/8/18,Egala_Botel_6_23C,6,,Egala,23,12:26:10,12:32:30,Light,Egala_Botel_6
16/8/18,Egala_Botel_6_26C,6,,Egala,26,12:45:19,12:51:21,Light,Egala_Botel_6
16/8/18,Egala_Botel_6_28C,6,,Egala,28,12:58:52,13:05:00,Light,Egala_Botel_6
16/8/18,Egala_Botel_6_30C,6,,Egala,30,13:12:24,13:17:51,Light,Egala_Botel_6
16/8/18,Egala_Botel_6_31C,6,,Egala,31,13:53:24,14:01:15,Light,Egala_Botel_6
16/8/18,Egala_Botel_6_32C,6,,Egala,32,14:09:42,14:17:22,Light,Egala_Botel_6
16/8/18,Egala_Botel_6_33C,6,,Egala,33,14:26:54,14:34:42,Light,Egala_Botel_6
16/8/18,Egala_Botel_6_34C,6,,Egala,34,14:44:29,14:50:44,Light,Egala_Botel_6
16/8/18,Egala_Botel_6_36C,6,,Egala,36,15:01:18,15:07:46,Light,Egala_Botel_6
16/8/18,Egala_Botel_6_38C,6,,Egala,38,15:19:32,15:26:18,Light,Egala_Botel_6
16/8/18,Egala_Botel_6_42C,6,,Egala,42,15:56:06,16:03:44,Light,Egala_Botel_6
16/8/18,Egala_Botel_7_20C,7,,Egala,20,12:02:27,12:08:56,Light,Egala_Botel_7
16/8/18,Egala_Botel_7_23C,7,,Egala,23,12:26:13,12:32:33,Light,Egala_Botel_7
16/8/18,Egala_Botel_7_26C,7,,Egala,26,12:45:21,12:51:25,Light,Egala_Botel_7
16/8/18,Egala_Botel_7_28C,7,,Egala,28,12:58:54,13:03:52,Light,Egala_Botel_7
16/8/18,Egala_Botel_7_30C,7,,Egala,30,13:12:30,13:17:54,Light,Egala_Botel_7
16/8/18,Egala_Botel_7_31C,7,,Egala,31,13:53:26,14:01:18,Light,Egala_Botel_7
16/8/18,Egala_Botel_7_32C,7,,Egala,32,14:09:45,14:17:24,Light,Egala_Botel_7
16/8/18,Egala_Botel_7_33C,7,,Egala,33,14:26:56,14:34:44,Light,Egala_Botel_7
16/8/18,Egala_Botel_7_34C,7,,Egala,34,14:44:31,14:50:46,Light,Egala_Botel_7
16/8/18,Egala_Botel_7_36C,7,,Egala,36,15:01:21,15:07:49,Light,Egala_Botel_7
16/8/18,Egala_Botel_7_38C,7,,Egala,38,15:19:35,15:26:20,Light,Egala_Botel_7
16/8/18,Egala_Botel_7_42C,7,,Egala,42,15:56:09,16:03:47,Light,Egala_Botel_7
16/8/18,Egala_Botel_9_20C,9,,Egala,20,12:02:33,12:09:00,Light,Egala_Botel_9
16/8/18,Egala_Botel_9_23C,9,,Egala,23,12:26:19,12:32:39,Light,Egala_Botel_9
16/8/18,Egala_Botel_9_26C,9,,Egala,26,12:45:27,12:51:33,Light,Egala_Botel_9
16/8/18,Egala_Botel_9_28C,9,,Egala,28,12:59:00,13:05:12,Light,Egala_Botel_9
16/8/18,Egala_Botel_9_30C,9,,Egala,30,13:12:36,13:18:00,Light,Egala_Botel_9
16/8/18,Egala_Botel_9_31C,9,,Egala,31,13:53:32,14:01:24,Light,Egala_Botel_9
16/8/18,Egala_Botel_9_32C,9,,Egala,32,14:09:51,14:17:30,Light,Egala_Botel_9
16/8/18,Egala_Botel_9_33C,9,,Egala,33,14:27:00,14:34:49,Light,Egala_Botel_9
16/8/18,Egala_Botel_9_34C,9,,Egala,34,14:44:38,14:50:51,Light,Egala_Botel_9
16/8/18,Egala_Botel_9_36C,9,,Egala,36,15:01:27,15:07:53,Light,Egala_Botel_9
16/8/18,Egala_Botel_9_38C,9,,Egala,38,15:19:41,15:26:25,Light,Egala_Botel_9
16/8/18,Egala_Botel_9_42C,9,,Egala,42,15:56:15,16:03:51,Light,Egala_Botel_9
16/8/18,Egala_Botel_10_20C,10,,Egala,20,12:02:37,12:09:03,Light,Egala_Botel_10
16/8/18,Egala_Botel_10_23C,10,,Egala,23,12:26:23,12:32:41,Light,Egala_Botel_10
16/8/18,Egala_Botel_10_26C,10,,Egala,26,12:45:30,12:51:36,Light,Egala_Botel_10
16/8/18,Egala_Botel_10_28C,10,,Egala,28,12:59:03,13:05:15,Light,Egala_Botel_10
16/8/18,Egala_Botel_10_30C,10,,Egala,30,13:12:38,13:18:04,Light,Egala_Botel_10
16/8/18,Egala_Botel_10_31C,10,,Egala,31,13:53:35,14:01:26,Light,Egala_Botel_10
16/8/18,Egala_Botel_10_32C,10,,Egala,32,14:09:54,14:17:32,Light,Egala_Botel_10
16/8/18,Egala_Botel_10_33C,10,,Egala,33,14:27:04,14:34:51,Light,Egala_Botel_10
16/8/18,Egala_Botel_10_34C,10,,Egala,34,14:44:41,14:50:53,Light,Egala_Botel_10
16/8/18,Egala_Botel_10_36C,10,,Egala,36,15:01:31,15:07:57,Light,Egala_Botel_10
16/8/18,Egala_Botel_10_38C,10,,Egala,38,15:19:44,15:26:28,Light,Egala_Botel_10
16/8/18,Egala_Botel_10_42C,10,,Egala,42,15:56:18,16:03:54,Light,Egala_Botel_10
16/8/18,EgalaBk_Botel_5_20C,5,,Egala,20,12:02:20,12:08:52,Light,EgalaBk_Botel_5
16/8/18,EgalaBk_Botel_5_23C,5,,Egala,23,12:26:07,12:32:28,Light,EgalaBk_Botel_5
16/8/18,EgalaBk_Botel_5_26C,5,,Egala,26,12:45:16,12:51:18,Light,EgalaBk_Botel_5
16/8/18,EgalaBk_Botel_5_28C,5,,Egala,28,12:58:49,13:04:58,Light,EgalaBk_Botel_5
16/8/18,EgalaBk_Botel_5_30C,5,,Egala,30,13:12:21,13:17:48,Light,EgalaBk_Botel_5
16/8/18,EgalaBk_Botel_5_31C,5,,Egala,31,13:53:22,14:01:13,Light,EgalaBk_Botel_5
16/8/18,EgalaBk_Botel_5_32C,5,,Egala,32,14:09:39,14:17:19,Light,EgalaBk_Botel_5
16/8/18,EgalaBk_Botel_5_33C,5,,Egala,33,14:26:51,14:34:39,Light,EgalaBk_Botel_5
16/8/18,EgalaBk_Botel_5_34C,5,,Egala,34,14:44:26,14:50:41,Light,EgalaBk_Botel_5
16/8/18,EgalaBk_Botel_5_36C,5,,Egala,36,15:01:16,15:07:44,Light,EgalaBk_Botel_5
16/8/18,EgalaBk_Botel_5_38C,5,,Egala,38,15:19:29,15:26:16,Light,EgalaBk_Botel_5
16/8/18,EgalaBk_Botel_5_42C,5,,Egala,42,15:56:03,16:03:42,Light,EgalaBk_Botel_5
16/8/18,EgalaBk_Botel_8_20C,8,,Egala,20,12:02:30,12:08:58,Light,EgalaBk_Botel_8
16/8/18,EgalaBk_Botel_8_23C,8,,Egala,23,12:26:16,12:33:10,Light,EgalaBk_Botel_8
16/8/18,EgalaBk_Botel_8_26C,8,,Egala,26,12:45:24,12:51:29,Light,EgalaBk_Botel_8
16/8/18,EgalaBk_Botel_8_28C,8,,Egala,28,12:58:57,13:03:57,Light,EgalaBk_Botel_8
16/8/18,EgalaBk_Botel_8_30C,8,,Egala,30,13:12:33,13:17:57,Light,EgalaBk_Botel_8
16/8/18,EgalaBk_Botel_8_31C,8,,Egala,31,13:53:29,14:01:21,Light,EgalaBk_Botel_8
16/8/18,EgalaBk_Botel_8_32C,8,,Egala,32,14:09:49,14:17:28,Light,EgalaBk_Botel_8
16/8/18,EgalaBk_Botel_8_33C,8,,Egala,33,14:26:58,14:34:46,Light,EgalaBk_Botel_8
16/8/18,EgalaBk_Botel_8_34C,8,,Egala,34,14:44:34,14:50:48,Light,EgalaBk_Botel_8
16/8/18,EgalaBk_Botel_8_36C,8,,Egala,36,15:01:24,15:07:51,Light,EgalaBk_Botel_8
16/8/18,EgalaBk_Botel_8_38C,8,,Egala,38,15:19:38,15:26:23,Light,EgalaBk_Botel_8
16/8/18,EgalaBk_Botel_8_42C,8,,Egala,42,15:56:11,16:03:49,Light,EgalaBk_Botel_8
17/8/18,Egala_Corm_1_22C,1,,Egala,22,7:51:42,8:00:09,Light,Egala_Corm_1
17/8/18,Egala_Corm_1_26C,1,,Egala,26,8:46:47,8:53:14,Light,Egala_Corm_1
17/8/18,Egala_Corm_1_28C,1,,Egala,28,8:58:58,9:06:33,Light,Egala_Corm_1
17/8/18,Egala_Corm_1_30C,1,,Egala,30,9:28:41,9:35:21,Light,Egala_Corm_1
17/8/18,Egala_Corm_1_31C,1,,Egala,31,9:41:10,9:48:15,Light,Egala_Corm_1
17/8/18,Egala_Corm_1_32C,1,,Egala,32,9:59:36,10:06:28,Light,Egala_Corm_1
17/8/18,Egala_Corm_1_33C,1,,Egala,33,10:14:10,10:21:17,Light,Egala_Corm_1
17/8/18,Egala_Corm_1_34C,1,,Egala,34,10:35:51,10:44:51,Light,Egala_Corm_1
17/8/18,Egala_Corm_1_36C,1,,Egala,36,11:07:14,11:16:52,Light,Egala_Corm_1
17/8/18,Egala_Corm_1_38C,1,,Egala,38,11:36:08,11:47:17,Light,Egala_Corm_1
17/8/18,Egala_Corm_1_42C,1,,Egala,42,12:16:37,12:25:10,Light,Egala_Corm_1
17/8/18,Egala_Corm_4_22C,4,,Egala,22,7:51:50,8:00:17,Light,Egala_Corm_4
17/8/18,Egala_Corm_4_26C,4,,Egala,26,8:46:53,8:53:25,Light,Egala_Corm_4
17/8/18,Egala_Corm_4_28C,4,,Egala,28,8:59:06,9:06:40,Light,Egala_Corm_4
17/8/18,Egala_Corm_4_30C,4,,Egala,30,9:20:24,9:26:02,Light,Egala_Corm_4
17/8/18,Egala_Corm_4_31C,4,,Egala,31,9:41:17,9:48:20,Light,Egala_Corm_4
17/8/18,Egala_Corm_4_32C,4,,Egala,32,9:59:40,10:07:01,Light,Egala_Corm_4
17/8/18,Egala_Corm_4_33C,4,,Egala,33,10:14:16,10:21:27,Light,Egala_Corm_4
17/8/18,Egala_Corm_4_34C,4,,Egala,34,10:35:55,10:44:58,Light,Egala_Corm_4
17/8/18,Egala_Corm_4_36C,4,,Egala,36,11:07:24,11:16:58,Light,Egala_Corm_4
17/8/18,Egala_Corm_4_38C,4,,Egala,38,11:36:16,11:47:25,Light,Egala_Corm_4
17/8/18,Egala_Corm_4_42C,4,,Egala,42,12:16:44,12:25:18,Light,Egala_Corm_4
17/8/18,Egala_Corm_5_22C,5,,Egala,22,7:51:53,8:00:19,Light,Egala_Corm_5
17/8/18,Egala_Corm_5_26C,5,,Egala,26,8:46:55,8:53:28,Light,Egala_Corm_5
17/8/18,Egala_Corm_5_28C,5,,Egala,28,8:59:08,9:06:49,Light,Egala_Corm_5
17/8/18,Egala_Corm_5_30C,5,,Egala,30,9:22:27,9:28:46,Light,Egala_Corm_5
17/8/18,Egala_Corm_5_31C,5,,Egala,31,9:41:19,9:48:35,Light,Egala_Corm_5
17/8/18,Egala_Corm_5_32C,5,,Egala,32,9:59:42,10:07:03,Light,Egala_Corm_5
17/8/18,Egala_Corm_5_33C,5,,Egala,33,10:14:19,10:21:30,Light,Egala_Corm_5
17/8/18,Egala_Corm_5_34C,5,,Egala,34,10:35:58,10:45:00,Light,Egala_Corm_5
17/8/18,Egala_Corm_5_36C,5,,Egala,36,11:07:27,11:17:01,Light,Egala_Corm_5
17/8/18,Egala_Corm_5_38C,5,,Egala,38,11:36:18,11:47:28,Light,Egala_Corm_5
17/8/18,Egala_Corm_5_42C,5,,Egala,42,12:16:47,12:25:20,Light,Egala_Corm_5
17/8/18,Egala_Corm_6_22C,6,,Egala,22,7:51:56,8:00:21,Light,Egala_Corm_6
17/8/18,Egala_Corm_6_26C,6,,Egala,26,8:47:00,8:53:30,Light,Egala_Corm_6
17/8/18,Egala_Corm_6_28C,6,,Egala,28,8:59:11,9:06:51,Light,Egala_Corm_6
17/8/18,Egala_Corm_6_30C,6,,Egala,30,9:20:30,9:26:08,Light,Egala_Corm_6
17/8/18,Egala_Corm_6_31C,6,,Egala,31,9:41:23,9:48:37,Light,Egala_Corm_6
17/8/18,Egala_Corm_6_32C,6,,Egala,32,9:59:44,10:07:06,Light,Egala_Corm_6
17/8/18,Egala_Corm_6_33C,6,,Egala,33,10:14:21,10:21:33,Light,Egala_Corm_6
17/8/18,Egala_Corm_6_34C,6,,Egala,34,10:36:00,10:45:02,Light,Egala_Corm_6
17/8/18,Egala_Corm_6_36C,6,,Egala,36,11:07:29,11:17:03,Light,Egala_Corm_6
17/8/18,Egala_Corm_6_38C,6,,Egala,38,11:36:21,11:47:31,Light,Egala_Corm_6
17/8/18,Egala_Corm_6_42C,6,,Egala,42,12:16:50,12:25:22,Light,Egala_Corm_6
17/8/18,Egala_Corm_7_22C,7,,Egala,22,7:53:59,8:01:35,Light,Egala_Corm_7
17/8/18,Egala_Corm_7_26C,7,,Egala,26,8:47:03,8:53:34,Light,Egala_Corm_7
17/8/18,Egala_Corm_7_28C,7,,Egala,28,8:59:13,9:06:53,Light,Egala_Corm_7
17/8/18,Egala_Corm_7_30C,7,,Egala,30,9:20:34,9:26:11,Light,Egala_Corm_7
17/8/18,Egala_Corm_7_31C,7,,Egala,31,9:41:24,9:48:39,Light,Egala_Corm_7
17/8/18,Egala_Corm_7_32C,7,,Egala,32,9:59:47,10:07:08,Light,Egala_Corm_7
17/8/18,Egala_Corm_7_33C,7,,Egala,33,10:14:23,10:21:36,Light,Egala_Corm_7
17/8/18,Egala_Corm_7_34C,7,,Egala,34,10:36:03,10:45:06,Light,Egala_Corm_7
17/8/18,Egala_Corm_7_36C,7,,Egala,36,11:07:32,11:17:05,Light,Egala_Corm_7
17/8/18,Egala_Corm_7_38C,7,,Egala,38,11:36:23,11:47:33,Light,Egala_Corm_7
17/8/18,Egala_Corm_7_42C,7,,Egala,42,12:16:54,12:25:24,Light,Egala_Corm_7
17/8/18,Egala_Corm_8_22C,8,,Egala,22,7:52:01,8:00:25,Light,Egala_Corm_8
17/8/18,Egala_Corm_8_26C,8,,Egala,26,8:47:06,8:53:37,Light,Egala_Corm_8
17/8/18,Egala_Corm_8_28C,8,,Egala,28,8:59:16,9:06:55,Light,Egala_Corm_8
17/8/18,Egala_Corm_8_30C,8,,Egala,30,9:20:37,9:26:15,Light,Egala_Corm_8
17/8/18,Egala_Corm_8_31C,8,,Egala,31,9:41:27,9:48:41,Light,Egala_Corm_8
17/8/18,Egala_Corm_8_32C,8,,Egala,32,9:59:49,10:07:10,Light,Egala_Corm_8
17/8/18,Egala_Corm_8_33C,8,,Egala,33,10:14:26,10:21:39,Light,Egala_Corm_8
17/8/18,Egala_Corm_8_34C,8,,Egala,34,10:36:06,10:45:08,Light,Egala_Corm_8
17/8/18,Egala_Corm_8_36C,8,,Egala,36,11:07:34,11:17:07,Light,Egala_Corm_8
17/8/18,Egala_Corm_8_38C,8,,Egala,38,11:36:26,11:47:36,Light,Egala_Corm_8
17/8/18,Egala_Corm_8_42C,8,,Egala,42,12:16:57,12:25:26,Light,Egala_Corm_8
17/8/18,Egala_Corm_9_22C,9,,Egala,22,7:52:04,8:00:28,Light,Egala_Corm_9
17/8/18,Egala_Corm_9_26C,9,,Egala,26,8:47:09,8:53:40,Light,Egala_Corm_9
17/8/18,Egala_Corm_9_28C,9,,Egala,28,8:59:18,9:06:58,Light,Egala_Corm_9
17/8/18,Egala_Corm_9_30C,9,,Egala,30,9:20:40,9:26:19,Light,Egala_Corm_9
17/8/18,Egala_Corm_9_31C,9,,Egala,31,9:41:29,9:48:44,Light,Egala_Corm_9
17/8/18,Egala_Corm_9_32C,9,,Egala,32,9:59:51,10:07:12,Light,Egala_Corm_9
17/8/18,Egala_Corm_9_33C,9,,Egala,33,10:14:29,10:21:43,Light,Egala_Corm_9
17/8/18,Egala_Corm_9_34C,9,,Egala,34,10:36:08,10:45:10,Light,Egala_Corm_9
17/8/18,Egala_Corm_9_36C,9,,Egala,36,11:07:37,11:17:09,Light,Egala_Corm_9
17/8/18,Egala_Corm_9_38C,9,,Egala,38,11:36:29,11:47:39,Light,Egala_Corm_9
17/8/18,Egala_Corm_9_42C,9,,Egala,42,12:16:59,12:25:29,Light,Egala_Corm_9
17/8/18,Egala_Corm_10_22C,10,,Egala,22,7:52:07,8:00:31,Light,Egala_Corm_10
17/8/18,Egala_Corm_10_26C,10,,Egala,26,8:47:12,8:53:44,Light,Egala_Corm_10
17/8/18,Egala_Corm_10_28C,10,,Egala,28,8:59:22,9:07:00,Light,Egala_Corm_10
17/8/18,Egala_Corm_10_30C,10,,Egala,30,9:20:44,9:26:22,Light,Egala_Corm_10
17/8/18,Egala_Corm_10_31C,10,,Egala,31,9:41:32,9:48:46,Light,Egala_Corm_10
17/8/18,Egala_Corm_10_32C,10,,Egala,32,9:59:53,10:07:14,Light,Egala_Corm_10
17/8/18,Egala_Corm_10_33C,10,,Egala,33,10:14:32,10:21:45,Light,Egala_Corm_10
17/8/18,Egala_Corm_10_34C,10,,Egala,34,10:36:11,10:45:13,Light,Egala_Corm_10
17/8/18,Egala_Corm_10_36C,10,,Egala,36,11:07:41,11:17:12,Light,Egala_Corm_10
17/8/18,Egala_Corm_10_38C,10,,Egala,38,11:36:32,11:47:42,Light,Egala_Corm_10
17/8/18,Egala_Corm_10_42C,10,,Egala,42,12:17:03,12:25:31,Light,Egala_Corm_10
17/8/18,EgalaBk_Corm_2_22C,2,,Egala,22,7:51:45,8:00:12,Light,EgalaBk_Corm_2
17/8/18,EgalaBk_Corm_2_26C,2,,Egala,26,8:46:48,8:53:19,Light,EgalaBk_Corm_2
17/8/18,EgalaBk_Corm_2_28C,2,,Egala,28,8:59:01,9:06:36,Light,EgalaBk_Corm_2
17/8/18,EgalaBk_Corm_2_30C,2,,Egala,30,9:20:18,9:25:55,Light,EgalaBk_Corm_2
17/8/18,EgalaBk_Corm_2_31C,2,,Egala,31,9:41:12,9:48:17,Light,EgalaBk_Corm_2
17/8/18,EgalaBk_Corm_2_32C,2,,Egala,32,9:59:36,10:06:30,Light,EgalaBk_Corm_2
17/8/18,EgalaBk_Corm_2_33C,2,,Egala,33,10:14:12,10:21:20,Light,EgalaBk_Corm_2
17/8/18,EgalaBk_Corm_2_34C,2,,Egala,34,10:35:51,10:44:53,Light,EgalaBk_Corm_2
17/8/18,EgalaBk_Corm_2_36C,2,,Egala,36,11:07:18,11:16:54,Light,EgalaBk_Corm_2
17/8/18,EgalaBk_Corm_2_38C,2,,Egala,38,11:36:10,11:47:19,Light,EgalaBk_Corm_2
17/8/18,EgalaBk_Corm_2_42C,2,,Egala,42,12:16:39,12:25:13,Light,EgalaBk_Corm_2
17/8/18,EgalaBk_Corm_3_22C,3,,Egala,22,7:51:47,8:00:15,Light,EgalaBk_Corm_3
17/8/18,EgalaBk_Corm_3_26C,3,,Egala,26,8:46:50,8:53:22,Light,EgalaBk_Corm_3
17/8/18,EgalaBk_Corm_3_28C,3,,Egala,28,8:59:04,9:06:38,Light,EgalaBk_Corm_3
17/8/18,EgalaBk_Corm_3_30C,3,,Egala,30,9:20:21,9:25:59,Light,EgalaBk_Corm_3
17/8/18,EgalaBk_Corm_3_31C,3,,Egala,31,9:41:14,9:48:19,Light,EgalaBk_Corm_3
17/8/18,EgalaBk_Corm_3_32C,3,,Egala,32,9:59:38,10:06:59,Light,EgalaBk_Corm_3
17/8/18,EgalaBk_Corm_3_33C,3,,Egala,33,10:14:14,10:21:24,Light,EgalaBk_Corm_3
17/8/18,EgalaBk_Corm_3_34C,3,,Egala,34,10:35:52,10:44:57,Light,EgalaBk_Corm_3
17/8/18,EgalaBk_Corm_3_36C,3,,Egala,36,11:07:21,11:16:56,Light,EgalaBk_Corm_3
17/8/18,EgalaBk_Corm_3_38C,3,,Egala,38,11:36:13,11:47:22,Light,EgalaBk_Corm_3
17/8/18,EgalaBk_Corm_3_42C,3,,Egala,42,12:16:42,12:25:16,Light,EgalaBk_Corm_3
